<?xml version='1.0' encoding='UTF-8'?>
<package uuid="kaintesting22th-27b0e8">
 <names>
  <name lang="en_US">Kaintesting22th</name>
 </names>
 <supportedLanguages>
  <language>en_US</language>
 </supportedLanguages>
 <descriptionLanguages>
  <language>en_US</language>
 </descriptionLanguages>
 <contents>
  <behaviorContent path="All_in_one">
   <nature>interactive</nature>
   <permissions/>
  </behaviorContent>
  <behaviorContent path="learn_face">
   <nature>interactive</nature>
   <permissions/>
  </behaviorContent>
  <behaviorContent path="face_detection">
   <nature>interactive</nature>
   <permissions/>
  </behaviorContent>
 </contents>
</package>
