<?xml version='1.0' encoding='UTF-8'?>
<package uuid="kaintesting25th-8f0225">
 <names>
  <name lang="en_US">Kaintesting25th</name>
 </names>
 <supportedLanguages>
  <language>en_US</language>
 </supportedLanguages>
 <descriptionLanguages>
  <language>en_US</language>
 </descriptionLanguages>
 <contents>
  <behaviorContent path="learn_face">
   <nature>interactive</nature>
   <permissions/>
  </behaviorContent>
  <behaviorContent path="face_detection">
   <nature>interactive</nature>
   <permissions/>
  </behaviorContent>
  <behaviorContent path="K_facial_detection">
   <nature>interactive</nature>
   <permissions/>
  </behaviorContent>
  <behaviorContent path="MotionAssistHafiz">
   <nature>interactive</nature>
   <permissions/>
  </behaviorContent>
 </contents>
</package>
