<?xml version='1.0' encoding='UTF-8'?>
<package uuid="naopicture_taking_session-c4d57b">
 <names>
  <name lang="en_US">Nao(picture_taking_session)</name>
 </names>
 <supportedLanguages>
  <language>en_US</language>
 </supportedLanguages>
 <descriptionLanguages>
  <language>en_US</language>
 </descriptionLanguages>
 <contents>
  <behaviorContent path="Picture_taking_session">
   <nature>interactive</nature>
   <permissions/>
  </behaviorContent>
  <behaviorContent path=".">
   <nature>interactive</nature>
   <permissions/>
  </behaviorContent>
 </contents>
</package>
